{"schemaVersion":"1.0","appDefinitionTemplate":{"id":"/providers/Microsoft.PowerApps/apps/","type":"Microsoft.PowerApps/apps","tags":{"primaryDeviceWidth":"1600","primaryDeviceHeight":"900","sienaVersion":"20200912T000231Z-3.20084.9.0","deviceCapabilities":"","supportsPortrait":"false","supportsLandscape":"true","primaryFormFactor":"Tablet","publisherVersion":"3.20084.9","minimumRequiredApiVersion":"2.2.0","hasComponent":"false","hasUnlockedComponent":"false","isUnifiedRootApp":"false"},"properties":{"appVersion":"2020-09-12T00:02:31Z","lifeCycleId":"Published","createdByClientVersion":{"major":3,"minor":20084,"build":9,"revision":0,"majorRevision":0,"minorRevision":0},"minClientVersion":{"major":3,"minor":20084,"build":9,"revision":0,"majorRevision":0,"minorRevision":0},"backgroundColor":"rgba(105, 180, 69, 1)","backgroundImageUri":"/13791089002745965693/N181be0ac-b287-4221-a9df-033766f3b9a1-logoSmallFile","displayName":"Operator Notepad","description":"","commitMessage":"","appUris":{"documentUri":{"value":"/13791089002745965693/N2d5a81b7-ff2e-4aa9-bfcd-6dc4e7b0988f-document.msapp","readonlyValue":"/13791089002745965693/N2d5a81b7-ff2e-4aa9-bfcd-6dc4e7b0988f-document.msapp"},"imageUris":[]},"createdTime":"0001-01-01T00:00:00Z","lastModifiedTime":"0001-01-01T00:00:00Z","sharedGroupsCount":0,"sharedUsersCount":0,"icons":{"smallIconUri":"/13791089002745965693/Ne1ba4d8c-f0e4-4f8f-99b4-e409e1e7e527-small.png","mediumIconUri":"/13791089002745965693/N563cd074-8256-4f22-adf6-7609f45aa1f5-medium.png","largeIconUri":"/13791089002745965693/Nf6b9c887-40c2-4957-99ca-f6ae815020ec-large.png","wideIconUri":"/13791089002745965693/N059406e3-51fa-47b1-9f61-073a20a87b85-wide.png"},"connectionReferences":{"12929ff4-20d8-483b-bb47-6cbf2518c604":{"id":"ed424452-da47-4844-81e4-560da786bd10","displayName":"SharePoint","iconUri":"https://connectoricons-prod.azureedge.net/releases/v1.0.1389/1.0.1389.2117/sharepointonline/icon.png","dataSources":["Managers","Notes","Stations"],"dependencies":[],"dependents":[],"parameterHints":{},"isOnPremiseConnection":false,"bypassConsent":false,"dataSets":{"https://my365space.sharepoint.com/sites/Lists":{"dataSources":{"Managers":{"tableName":"326a79ec-0e7c-40aa-8f70-edcfef9a9cde"},"Notes":{"tableName":"8c20efbf-a3b5-44d5-a8e4-e2cf4a2ade46"},"Stations":{"tableName":"9f2b9420-aff4-43c9-9d82-9d2191374829"}}}},"apiTier":"Standard","isCustomApiConnection":false},"0855e744-7d9d-4b56-87b7-d0261d46c2d4":{"id":"3077b390-0534-4b7d-b7af-ba49b7187363","displayName":"Office 365 Users","iconUri":"https://connectoricons-prod.azureedge.net/releases/v1.0.1385/1.0.1385.2110/office365users/icon.png","dataSources":["Office365Users"],"dependencies":[],"dependents":[],"parameterHints":{},"isOnPremiseConnection":false,"bypassConsent":false,"dataSets":{},"apiTier":"Standard","isCustomApiConnection":false}},"databaseReferences":{},"almMode":"Environment","performanceOptimizationEnabled":true,"canConsumeAppPass":true},"isAppComponentLibrary":false,"appType":"ClassicCanvasApp","appComponents":[]}}